title,company,location,link
"Distributed Systems Software Engineer, Apple Cloud Services",Apple,"Cupertino, CA",https://stackoverflow.com/jobs/505607
Head of Backend Engineering,Hyperexponential,"London, UK",https://stackoverflow.com/jobs/513656
Full Stack Engineer,Deepgram,"San Francisco, CA",https://stackoverflow.com/jobs/430520
Engineering Manager,Babbel (Lesson Nine GmbH),"Berlin, Germany",https://stackoverflow.com/jobs/456050
Site Reliability Engineer,Yelp,No office location,https://stackoverflow.com/jobs/145522
Software Engineer - Application Backend,Yelp,No office location,https://stackoverflow.com/jobs/202038
Fullstack Developer (f/m/d),Kolibri Games,"Berlin, Germany",https://stackoverflow.com/jobs/495724
(Senior) Backend Engineer (f/m/d),Kolibri Games,"Berlin, Germany",https://stackoverflow.com/jobs/495723
Full-Stack Developer,OSL,Singapore,https://stackoverflow.com/jobs/495720
Senior Full Stack Engineer | Team Leader,Displayr,"Glebe, Australia",https://stackoverflow.com/jobs/513032
Solutions Engineer,Deepgram,"San Francisco, CA",https://stackoverflow.com/jobs/431389
Senior IoT Systems Engineer,Canonical,No office location,https://stackoverflow.com/jobs/512740
Senior IoT Systems Engineer,Canonical,No office location,https://stackoverflow.com/jobs/512707
(Senior) Frontend Developer (m/f/x),Clark Germany GmbH,"Frankfurt am Main, Deutschland",https://stackoverflow.com/jobs/512670
Back-end Engineer,CityBldr,No office location,https://stackoverflow.com/jobs/406631
Python Engineer,"TileDB, Inc.","Cambridge, MA",https://stackoverflow.com/jobs/419347
"5G Core Microservices Platform Developer who rocks in C/C++, Go & Kubernetes!","Casa Systems, Inc.","Andover, MA",https://stackoverflow.com/jobs/512230
Software Engineer,ColdQuanta,"Madison, WI",https://stackoverflow.com/jobs/512072
Senior CFD Software Developer (m/f/d),SimScale,No office location,https://stackoverflow.com/jobs/465589
Software Engineer in ML area,Adevinta,"Barcelona, Spain",https://stackoverflow.com/jobs/494235
Lead Backend Engineer - Rust or C/C++ (m/f/d),Signavio,"Berlin, Germany",https://stackoverflow.com/jobs/463562
Senior Backend Engineer - Node.js and Docker,Penni.io,"København, Denmark",https://stackoverflow.com/jobs/493877
"Senior Software Engineer, Video Streaming",Chaturbate,"Los Angeles, CA",https://stackoverflow.com/jobs/477844
Cloud Systems Engineer,Stryker (United States),"Kalamazoo, MI",https://stackoverflow.com/jobs/493244
Cloud Engineer (remote),Platform.sh,No office location,https://stackoverflow.com/jobs/493242
Sr Engineer - Elixir,Ockam,No office location,https://stackoverflow.com/jobs/506024
Frontend Developer,Frequenz Energy-as-a-Service GmbH,"Berlin, Germany",https://stackoverflow.com/jobs/492897
Platforms Engineer for a Cryptocurrency Startup,Chorus One,No office location,https://stackoverflow.com/jobs/457423
Blockchain Engineer (Rust),Chorus One,No office location,https://stackoverflow.com/jobs/459796
Chromium Software Engineer,eyeo GmbH,No office location,https://stackoverflow.com/jobs/509364
Full Stack Software Engineer,Displayr,"Glebe, Australia",https://stackoverflow.com/jobs/509349
Rust Performance Engineer (m/f/d),Parity Technologies,"Berlin, Germany",https://stackoverflow.com/jobs/509028
Full-Stack Rust Developer,Komodo Platform,No office location,https://stackoverflow.com/jobs/493622
Senior Backend Engineer - VMware Carbon Black,VMware Bulgaria,"Sofia, Bulgaria",https://stackoverflow.com/jobs/508702
Go Backend Developer - iGaming,Booming Games Malta Ltd.,No office location,https://stackoverflow.com/jobs/463439
Blockchain Developer (Substrate / Rust) for Polkadot Ecosystem Project KILT,BOTLabs GmbH,"Berlin, Deutschland",https://stackoverflow.com/jobs/454384
Rust Developer - Tools (m/f/d),Parity Technologies,"Berlin, Germany",https://stackoverflow.com/jobs/508350
Python Service Developer (m/w/d),Enote GmbH,"Berlin, Deutschland",https://stackoverflow.com/jobs/508338
.NET Microservices Engineer,Shift Digital,"Birmingham, MI",https://stackoverflow.com/jobs/507693
Senior Software Engineer met passie voor vakwerk,Evidos B.V.,"Haarlem, Netherlands",https://stackoverflow.com/jobs/439756
Senior Search Engineer,SAP,"San Ramon, CA",https://stackoverflow.com/jobs/457878
Principal Search Engineer,SAP,"San Ramon, CA",https://stackoverflow.com/jobs/457879
Mid-Level/Senior Backend Developer,Fathom5 Corporation,"Austin, TX",https://stackoverflow.com/jobs/504954
QA Lead,Mangata,No office location,https://stackoverflow.com/jobs/506399
Systemutvecklare till innovationsenheten,Säkerhetspolisen,"Stockholm, Sweden",https://stackoverflow.com/jobs/506373
Architect - Rust Library Design,Ockam,No office location,https://stackoverflow.com/jobs/505263
Sr Engineer - Embedded in Rust,Ockam,No office location,https://stackoverflow.com/jobs/506025
Director of Engineering,Ockam,No office location,https://stackoverflow.com/jobs/506023
Senior Front End Engineer,Growers,"Durham, NC",https://stackoverflow.com/jobs/505663
Front End Engineer working with Elm,Deepgram,No office location,https://stackoverflow.com/jobs/451419
"Senior Engineers (Java / Kotlin / Rust) - $multi-billion SaaS Leader, York",Anaplan,"York, UK",https://stackoverflow.com/jobs/414271
Senior DevOps Engineer,Gtmhub,"Sofia, Bulgaria",https://stackoverflow.com/jobs/487290
Associate IoT Systems Engineer,Canonical,No office location,https://stackoverflow.com/jobs/487604
DevOps / SRE (Americas),Platform.sh,No office location,https://stackoverflow.com/jobs/505274
Architect -  Messaging Systems in Elixir,Ockam,No office location,https://stackoverflow.com/jobs/505262
Applied Cryptographer - Rust,Ockam,No office location,https://stackoverflow.com/jobs/505261
"Senior Software Developer, Zurich or Remote",HOPR,"Zürich, Switzerland",https://stackoverflow.com/jobs/503411
Blockchain Technical Writer ( 100% remote ),simplestaking.com ltd,No office location,https://stackoverflow.com/jobs/412448
Senior C++ Developer,SORAMITSU,"Innopolis, Russia",https://stackoverflow.com/jobs/504578
Senior Backend Engineer - Routing and Navigation,komoot,"Berlin, Germany",https://stackoverflow.com/jobs/497354
Spacecraft Software Engineer,"Advanced Space, LLC","Westminster, CO",https://stackoverflow.com/jobs/503573
Rust Developer,SORAMITSU,No office location,https://stackoverflow.com/jobs/501749
Site Reliability Engineer,Container Solutions B.V.,No office location,https://stackoverflow.com/jobs/486391
Software Engineer - UI (Remote),Favorite Medium,"Fukuoka, Japan",https://stackoverflow.com/jobs/486210
"Senior Frontend Lead Engineer (m/f/d) - TypeScript, Elm",Snapview GmbH,No office location,https://stackoverflow.com/jobs/485968
Senior/Lead Software Engineer,CV Partner,"London, UK",https://stackoverflow.com/jobs/471140
Senior Software Engineer,Siteimprove,"København, Denmark",https://stackoverflow.com/jobs/470982
Software Developer - SEO Product,Siteimprove,"København, Denmark",https://stackoverflow.com/jobs/470980
Senior Cloud Developer (m/f/d),Enote GmbH,"Berlin, Deutschland",https://stackoverflow.com/jobs/485409
DevOps Engineer / System Administrator – Operational Services (m/w/d),SVA System Vertrieb Alexander GmbH,"Schwerte, Deutschland",https://stackoverflow.com/jobs/374377
Software Engineer Lead,Tenet3,"Dayton, OH",https://stackoverflow.com/jobs/484844
Senior Full Stack Engineer,Optic,"Stafford, TX",https://stackoverflow.com/jobs/500645
Senior Rust Engineer (m/f/d),Xayn AG,"Berlin, Deutschland",https://stackoverflow.com/jobs/373256
Experienced Full Stack Engineer - Remote,"Theorem, LLC",No office location,https://stackoverflow.com/jobs/499683
(Senior) Software Engineer (m/f/d),Charles GmbH,"Berlin, Germany",https://stackoverflow.com/jobs/499382
Principal Python Blockchain Developer - Raiden Network,brainbot,"Berlin, Germany",https://stackoverflow.com/jobs/198297
Senior Software Engineer - IT Security (m/f/d),VMRay,"Bochum, Deutschland",https://stackoverflow.com/jobs/446571
Senior PHP Developer (Laravel),The Interaction Design Foundation,No office location,https://stackoverflow.com/jobs/482915
Senior Software Engineer in an Agile Feature Team (m/w/d),Volume Graphics GmbH,"Heidelberg, Deutschland",https://stackoverflow.com/jobs/465018
Mid - Senior Software Developer (Ruby on Rails),ScoutAPM,No office location,https://stackoverflow.com/jobs/496624
Software Engineer,Codethink,"Manchester, UK",https://stackoverflow.com/jobs/497574
System Architect / Software Lead (m/w/d),Pixtunes GmbH,"Berlin, Deutschland",https://stackoverflow.com/jobs/481715
React Native Engineer - Parity Signer (m/f/d),Parity Technologies,"Berlin, Germany",https://stackoverflow.com/jobs/497543
Full Stack Developer (Mid-Level) - Blockchain - Amsterdam,Kryha B.V.,"Amsterdam, Netherlands",https://stackoverflow.com/jobs/497362
Junior Java Developer (m/w/d),Senacor Technologies AG,"Berlin, Deutschland",https://stackoverflow.com/jobs/481505
Core Developer - Runtime (m/f/d),Parity Technologies,"Berlin, Germany",https://stackoverflow.com/jobs/497096
CTO (x/f/m),Wonder,"Berlin, Germany",https://stackoverflow.com/jobs/481175
Senior WebRTC Engineer (x/f/m),Wonder,"Berlin, Germany",https://stackoverflow.com/jobs/481174
Senior Backend Engineer (x/f/m),Wonder,"Berlin, Germany",https://stackoverflow.com/jobs/481173
Senior Frontend Engineer (x/f/m),Wonder,"Berlin, Germany",https://stackoverflow.com/jobs/481172
Engineering Manager (x/f/m),Wonder,"Berlin, Germany",https://stackoverflow.com/jobs/481171
Rust Developer (100% remote),simplestaking.com ltd,No office location,https://stackoverflow.com/jobs/382213
"Senior Platform Engineer - Disruptive $multi-billion SaaS Leader, York",Anaplan,"York, UK",https://stackoverflow.com/jobs/250727
Software Engineering Manager,Metaswitch Networks,"Coventry, UK",https://stackoverflow.com/jobs/456316
Runtime Engineer (m/f/d),Parity Technologies,"Berlin, Germany",https://stackoverflow.com/jobs/496578
Cloud / GitOps Engineer,Metaswitch Networks,"London Borough of Enfield, UK",https://stackoverflow.com/jobs/456264
Rust Backend Engineer - PayDirect,TrueLayer,"Milan, Italy",https://stackoverflow.com/jobs/496571
P2P Network Engineer / Core Developer,Parity Technologies,"Berlin, Germany",https://stackoverflow.com/jobs/496569
